/*
SQLyog Ultimate v12.5.1 (64 bit)
MySQL - 5.7.26 : Database - fam2
*********************************************************************
*/

/*!40101 SET NAMES utf8 */;

/*!40101 SET SQL_MODE=''*/;

/*!40014 SET @OLD_UNIQUE_CHECKS=@@UNIQUE_CHECKS, UNIQUE_CHECKS=0 */;
/*!40014 SET @OLD_FOREIGN_KEY_CHECKS=@@FOREIGN_KEY_CHECKS, FOREIGN_KEY_CHECKS=0 */;
/*!40101 SET @OLD_SQL_MODE=@@SQL_MODE, SQL_MODE='NO_AUTO_VALUE_ON_ZERO' */;
/*!40111 SET @OLD_SQL_NOTES=@@SQL_NOTES, SQL_NOTES=0 */;
CREATE DATABASE /*!32312 IF NOT EXISTS*/`fam2` /*!40100 DEFAULT CHARACTER SET latin1 */;

USE `fam2`;

/*Table structure for table `fam` */

DROP TABLE IF EXISTS `fam`;

CREATE TABLE `fam` (
  `fam_id` int(11) NOT NULL AUTO_INCREMENT,
  `no_registrasi` varchar(150) CHARACTER SET latin1 DEFAULT NULL,
  `penerima` varchar(150) CHARACTER SET latin1 DEFAULT NULL,
  `project_id` int(11) DEFAULT NULL,
  `fam_tgl` int(11) DEFAULT NULL,
  `fam_nama` varchar(200) CHARACTER SET latin1 DEFAULT NULL,
  `fam_usia` int(11) DEFAULT NULL,
  `fam_gender` enum('Laki-laki','Perempuan') CHARACTER SET latin1 DEFAULT NULL,
  `fam_email` varchar(200) CHARACTER SET latin1 DEFAULT NULL,
  `fam_hp` varchar(200) CHARACTER SET latin1 DEFAULT NULL,
  `fam_alamat` varchar(200) CHARACTER SET latin1 DEFAULT NULL,
  `fam_provinsi` int(11) DEFAULT NULL,
  `fam_kota` int(11) DEFAULT NULL,
  `fam_saluran_id` int(11) DEFAULT NULL,
  `fam_kategori_id` int(11) DEFAULT NULL,
  `fam_rahasia` enum('Yes','No') CHARACTER SET latin1 DEFAULT NULL,
  `fam_feedback` text CHARACTER SET latin1,
  `responded_date` int(11) DEFAULT NULL,
  `responded_user` int(11) DEFAULT NULL,
  `responded` text CHARACTER SET latin1,
  `status` enum('Registred','Responsed') CHARACTER SET latin1 DEFAULT NULL,
  `tahun` varchar(20) DEFAULT NULL,
  `created_by` int(11) DEFAULT NULL,
  `updated_by` int(11) DEFAULT NULL,
  `created_at` int(11) DEFAULT NULL,
  `updated_at` int(11) DEFAULT NULL,
  PRIMARY KEY (`fam_id`),
  KEY `project_id` (`project_id`),
  KEY `created_at` (`created_at`),
  KEY `fam_kota` (`fam_kota`),
  KEY `fam_provinsi` (`fam_provinsi`),
  KEY `fam_saluran_id` (`fam_saluran_id`),
  KEY `updated_at` (`updated_at`),
  KEY `fam_kategori_id` (`fam_kategori_id`),
  KEY `responded_user` (`responded_user`),
  CONSTRAINT `fam_ibfk_1` FOREIGN KEY (`project_id`) REFERENCES `project` (`project_id`),
  CONSTRAINT `fam_ibfk_2` FOREIGN KEY (`created_at`) REFERENCES `user` (`user_id`),
  CONSTRAINT `fam_ibfk_3` FOREIGN KEY (`fam_kota`) REFERENCES `kota` (`kota_id`),
  CONSTRAINT `fam_ibfk_4` FOREIGN KEY (`fam_provinsi`) REFERENCES `provinsi` (`prov_id`),
  CONSTRAINT `fam_ibfk_5` FOREIGN KEY (`fam_saluran_id`) REFERENCES `saluran` (`saluran_id`),
  CONSTRAINT `fam_ibfk_6` FOREIGN KEY (`updated_at`) REFERENCES `user` (`user_id`),
  CONSTRAINT `fam_ibfk_7` FOREIGN KEY (`fam_kategori_id`) REFERENCES `kategori` (`kategori_id`),
  CONSTRAINT `fam_ibfk_8` FOREIGN KEY (`responded_user`) REFERENCES `user` (`user_id`)
) ENGINE=InnoDB DEFAULT CHARSET=utf8;

/*Data for the table `fam` */

/*Table structure for table `fieldoffice` */

DROP TABLE IF EXISTS `fieldoffice`;

CREATE TABLE `fieldoffice` (
  `office_id` int(11) NOT NULL AUTO_INCREMENT,
  `address` varchar(100) DEFAULT NULL,
  `provinsi` varchar(100) NOT NULL,
  `kota` varchar(100) DEFAULT NULL,
  `pic` varchar(50) DEFAULT NULL,
  `status` enum('Aktif','Non-Aktif') DEFAULT NULL,
  PRIMARY KEY (`office_id`)
) ENGINE=InnoDB AUTO_INCREMENT=7 DEFAULT CHARSET=latin1;

/*Data for the table `fieldoffice` */

insert  into `fieldoffice`(`office_id`,`address`,`provinsi`,`kota`,`pic`,`status`) values 
(1,'Jl Zebra II No 24, Kel. Birobuli Utara, Kec. Palu Selatan','Sulawesi Tengah','Palu','Riska','Aktif'),
(2,'KUPANG','KUPANG',NULL,'Jhon Billy Robot','Non-Aktif'),
(3,'BANDUNG','JAWA BARAT','Bandung','Masrayani Silalahi','Non-Aktif'),
(4,'Jl. Taman Margasatwa No.26 Blok D Ragunan, Pasar Minggu','DKI Jakarta','Jakarta','Srikandi Hidayati','Aktif'),
(5,'Griya Amanda I Residance Blok C4 Watampone','Sulawesi Selatan','Kab.Bone','Lydia Ranggalele','Aktif'),
(6,'Taman Widya Asri Blok PW8/18, RT 01/RW 001, Kelurahan Lontar Baru, Kecamatan Serang','Banten','Serang','Ati Sumiati','Aktif');

/*Table structure for table `kategori` */

DROP TABLE IF EXISTS `kategori`;

CREATE TABLE `kategori` (
  `kategori_id` int(11) NOT NULL AUTO_INCREMENT,
  `kategori_nama` varchar(255) DEFAULT NULL,
  `linmasa_hum` int(11) DEFAULT NULL,
  `linmasa_dev` int(11) DEFAULT NULL,
  `Kategori_ket` varchar(255) DEFAULT NULL,
  PRIMARY KEY (`kategori_id`)
) ENGINE=InnoDB DEFAULT CHARSET=utf8;

/*Data for the table `kategori` */

/*Table structure for table `kota` */

DROP TABLE IF EXISTS `kota`;

CREATE TABLE `kota` (
  `kota_id` int(11) NOT NULL AUTO_INCREMENT,
  `kota_nama` varchar(200) CHARACTER SET latin1 DEFAULT NULL,
  `prov_id` int(11) DEFAULT NULL,
  `kota_ket` varchar(200) CHARACTER SET latin1 DEFAULT NULL,
  PRIMARY KEY (`kota_id`)
) ENGINE=InnoDB AUTO_INCREMENT=520 DEFAULT CHARSET=utf8;

/*Data for the table `kota` */

insert  into `kota`(`kota_id`,`kota_nama`,`prov_id`,`kota_ket`) values 
(1,'Banda Aceh',1,NULL),
(2,'Langsa',1,NULL),
(3,'Lhokseumawe',1,NULL),
(4,'Sabang',1,NULL),
(5,'Subulussalam',1,NULL),
(6,'Kab Aceh Barat',1,NULL),
(7,'Kab Aceh Barat Daya',1,NULL),
(8,'Kab Aceh Besar',1,NULL),
(9,'Kab Aceh Jaya',1,NULL),
(10,'Kab Aceh Selatan',1,NULL),
(11,'Kab Aceh Singkil',1,NULL),
(12,'Kab Aceh Tamiang',1,NULL),
(13,'Kab Aceh Tengah',1,NULL),
(14,'Kab Aceh Tenggara',1,NULL),
(15,'Kab Aceh Timur',1,NULL),
(16,'Kab Aceh Utara',1,NULL),
(17,'Kab Bener Meriah',1,NULL),
(18,'Kab Bireuen',1,NULL),
(19,'Kab Gayo Lues',1,NULL),
(20,'Kab Nagan Raya',1,NULL),
(21,'Kab Pidie',1,NULL),
(22,'Kab Pidie Jaya',1,NULL),
(23,'Kab Simeulue',1,NULL),
(24,'Denpasar',2,NULL),
(25,'Kab Badung',2,NULL),
(26,'Kab Bangli',2,NULL),
(27,'Kab Buleleng',2,NULL),
(28,'Kab Gianyar',2,NULL),
(29,'Kab Jembrana',2,NULL),
(30,'Kab Karangasem',2,NULL),
(31,'Kab Klungkung',2,NULL),
(32,'Kab Tabanan',2,NULL),
(33,'Pangkal Pinang',3,NULL),
(34,'Kab Bangka',3,NULL),
(35,'Kab Bangka Barat',3,NULL),
(36,'Kab Bangka Selatan',3,NULL),
(37,'Kab Bangka Tengah',3,NULL),
(38,'Kab Belitung',3,NULL),
(39,'Kab Belitung Timur',3,NULL),
(40,'Cilegon',4,NULL),
(41,'Serang',4,NULL),
(42,'Tangerang',4,NULL),
(43,'Tangerang Selatan',4,NULL),
(44,'Kab Lebak',4,NULL),
(45,'Kab Pandeglang',4,NULL),
(46,'Kab Serang',4,NULL),
(47,'Kab Tangerang',4,NULL),
(48,'Bengkulu',5,NULL),
(49,'Kab Bengkulu Selatan',5,NULL),
(50,'Kab Bengkulu Tengah',5,NULL),
(51,'Kab Bengkulu Utara',5,NULL),
(52,'Kab Kaur',5,NULL),
(53,'Kab Kepahiang',5,NULL),
(54,'Kab Lebong',5,NULL),
(55,'Kab Mukomuko',5,NULL),
(56,'Kab Rejang Lebong',5,NULL),
(57,'Kab Seluma',5,NULL),
(58,'Yogyakarta',6,NULL),
(59,'Kab Bantul',6,NULL),
(60,'Kab Gunungkidul',6,NULL),
(61,'Kab Kulon Progo',6,NULL),
(62,'Kab Sleman',6,NULL),
(63,'Kota Yogyakarta',6,NULL),
(64,'Kab Bantul',6,NULL),
(65,'Kab Gunungkidul',6,NULL),
(66,'Kab Kulon Progo',6,NULL),
(67,'Kab Sleman',6,NULL),
(68,'Jakarta Barat',7,NULL),
(69,'Jakarta Pusat',7,NULL),
(70,'Jakarta Selatan',7,NULL),
(71,'Jakarta Timur',7,NULL),
(72,'Jakarta Utara',7,NULL),
(73,'Kab Kepulauan Seribu',7,NULL),
(74,'Gorontalo',8,NULL),
(75,'Kab Boalemo',8,NULL),
(76,'Kab Bone Bolango',8,NULL),
(77,'Kab Gorontalo',8,NULL),
(78,'Kab Gorontalo Utara',8,NULL),
(79,'Kab Pohuwato',8,NULL),
(80,'Jambi',9,NULL),
(81,'Sungaipenuh',9,NULL),
(82,'Kab Batanghari',9,NULL),
(83,'Kab Bungo',9,NULL),
(84,'Kab Kerinci',9,NULL),
(85,'Kab Merangin',9,NULL),
(86,'Kab Muaro Jambi',9,NULL),
(87,'Kab Sarolangun',9,NULL),
(88,'Kab Tanjung Jabung Barat',9,NULL),
(89,'Kab Tanjung Jabung Timur',9,NULL),
(90,'Kab Tebo',9,NULL),
(91,'Bandung',10,NULL),
(92,'Banjar',10,NULL),
(93,'Bekasi',10,NULL),
(94,'Bogor',10,NULL),
(95,'Cimahi',10,NULL),
(96,'Cirebon',10,NULL),
(97,'Depok',10,NULL),
(98,'Sukabumi',10,NULL),
(99,'Tasikmalaya',10,NULL),
(100,'Kab Bandung',10,NULL),
(101,'Kab Bandung Barat',10,NULL),
(102,'Kab Bekasi',10,NULL),
(103,'Kab Bogor',10,NULL),
(104,'Kab Ciamis',10,NULL),
(105,'Kab Cianjur',10,NULL),
(106,'Kab Cirebon',10,NULL),
(107,'Kab Garut',10,NULL),
(108,'Kab Indramayu',10,NULL),
(109,'Kab Karawang',10,NULL),
(110,'Kab Kuningan',10,NULL),
(111,'Kab Majalengka',10,NULL),
(112,'Kab Pangandaran',10,NULL),
(113,'Kab Purwakarta',10,NULL),
(114,'Kab Subang',10,NULL),
(115,'Kab Sukabumi',10,NULL),
(116,'Kab Sumedang',10,NULL),
(117,'Kab Tasikmalaya',10,NULL),
(118,'Magelang',11,NULL),
(119,'Pekalongan',11,NULL),
(120,'Salatiga',11,NULL),
(121,'Semarang',11,NULL),
(122,'Surakarta',11,NULL),
(123,'Tegal',11,NULL),
(124,'Kab Banjarnegara',11,NULL),
(125,'Kab Banyumas',11,NULL),
(126,'Kab Batang',11,NULL),
(127,'Kab Blora',11,NULL),
(128,'Kab Boyolali',11,NULL),
(129,'Kab Brebes',11,NULL),
(130,'Kab Cilacap',11,NULL),
(131,'Kab Demak',11,NULL),
(132,'Kab Grobogan',11,NULL),
(133,'Kab Jepara',11,NULL),
(134,'Kab Karanganyar',11,NULL),
(135,'Kab Kebumen',11,NULL),
(136,'Kab Kendal',11,NULL),
(137,'Kab Klaten',11,NULL),
(138,'Kab Kudus',11,NULL),
(139,'Kab Magelang',11,NULL),
(140,'Kab Pati',11,NULL),
(141,'Kab Pekalongan',11,NULL),
(142,'Kab Pemalang',11,NULL),
(143,'Kab Purbalingga',11,NULL),
(144,'Kab Purworejo',11,NULL),
(145,'Kab Rembang',11,NULL),
(146,'Kab Semarang',11,NULL),
(147,'Kab Sragen',11,NULL),
(148,'Kab Sukoharjo',11,NULL),
(149,'Kab Tegal',11,NULL),
(150,'Kab Temanggung',11,NULL),
(151,'Kab Wonogiri',11,NULL),
(152,'Kab Wonosobo',11,NULL),
(153,'Batu',12,NULL),
(154,'Blitar',12,NULL),
(155,'Kediri',12,NULL),
(156,'Madiun',12,NULL),
(157,'Malang',12,NULL),
(158,'Mojokerto',12,NULL),
(159,'Pasuruan',12,NULL),
(160,'Probolinggo',12,NULL),
(161,'Surabaya',12,NULL),
(162,'Kab Bangkalan',12,NULL),
(163,'Kab Banyuwangi',12,NULL),
(164,'Kab Blitar',12,NULL),
(165,'Kab Bojonegoro',12,NULL),
(166,'Kab Bondowoso',12,NULL),
(167,'Kab Gresik',12,NULL),
(168,'Kab Jember',12,NULL),
(169,'Kab Jombang',12,NULL),
(170,'Kab Kediri',12,NULL),
(171,'Kab Lamongan',12,NULL),
(172,'Kab Lumajang',12,NULL),
(173,'Kab Madiun',12,NULL),
(174,'Kab Magetan',12,NULL),
(175,'Kab Malang',12,NULL),
(176,'Kab Mojokerto',12,NULL),
(177,'Kab Nganjuk',12,NULL),
(178,'Kab Ngawi',12,NULL),
(179,'Kab Pacitan',12,NULL),
(180,'Kab Pamekasan',12,NULL),
(181,'Kab Pasuruan',12,NULL),
(182,'Kab Ponorogo',12,NULL),
(183,'Kab Probolinggo',12,NULL),
(184,'Kab Sampang',12,NULL),
(185,'Kab Sidoarjo',12,NULL),
(186,'Kab Situbondo',12,NULL),
(187,'Kab Sumenep',12,NULL),
(188,'Kab Trenggalek',12,NULL),
(189,'Kab Tuban',12,NULL),
(190,'Kab Tulungagung',12,NULL),
(191,'Pontianak',13,NULL),
(192,'Singkawang',13,NULL),
(193,'Kab Bengkayang',13,NULL),
(194,'Kab Kapuas Hulu',13,NULL),
(195,'Kab Kayong Utara',13,NULL),
(196,'Kab Ketapang',13,NULL),
(197,'Kab Kubu Raya',13,NULL),
(198,'Kab Landak',13,NULL),
(199,'Kab Melawi',13,NULL),
(200,'Kab Mempawah',13,NULL),
(201,'Kab Sambas',13,NULL),
(202,'Kab Sanggau',13,NULL),
(203,'Kab Sekadau',13,NULL),
(204,'Kab Sintang',13,NULL),
(205,'Banjarbaru',14,NULL),
(206,'Banjarmasin',14,NULL),
(207,'Kab Balangan',14,NULL),
(208,'Kab Banjar',14,NULL),
(209,'Kab Barito Kuala',14,NULL),
(210,'Kab Hulu Sungai Selatan',14,NULL),
(211,'Kab Hulu Sungai Tengah',14,NULL),
(212,'Kab Hulu Sungai Utara',14,NULL),
(213,'Kab Kotabaru',14,NULL),
(214,'Kab Tabalong',14,NULL),
(215,'Kab Tanah Bumbu',14,NULL),
(216,'Kab Tanah Laut',14,NULL),
(217,'Kab Tapin',14,NULL),
(218,'Palangka Raya',15,NULL),
(219,'Kab Barito Selatan',15,NULL),
(220,'Kab Barito Timur',15,NULL),
(221,'Kab Barito Utara',15,NULL),
(222,'Kab Gunung Mas',15,NULL),
(223,'Kab Kapuas',15,NULL),
(224,'Kab Katingan',15,NULL),
(225,'Kab Kotawaringin Barat',15,NULL),
(226,'Kab Kotawaringin Timur',15,NULL),
(227,'Kab Lamandau',15,NULL),
(228,'Kab Murung Raya',15,NULL),
(229,'Kab Pulang Pisau',15,NULL),
(230,'Kab Sukamara',15,NULL),
(231,'Kab Seruyan',15,NULL),
(232,'Balikpapan',16,NULL),
(233,'Bontang',16,NULL),
(234,'Samarinda',16,NULL),
(235,'Kab Berau',16,NULL),
(236,'Kab Kutai Barat',16,NULL),
(237,'Kab Kutai Kartanegara',16,NULL),
(238,'Kab Kutai Timur',16,NULL),
(239,'Kab Mahakam Ulu',16,NULL),
(240,'Kab Paser',16,NULL),
(241,'Kab Penajam Paser Utara',16,NULL),
(242,'Tarakan',17,NULL),
(243,'Kab Bulungan',17,NULL),
(244,'Kab Malinau',17,NULL),
(245,'Kab Nunukan',17,NULL),
(246,'Kab Tana Tidung',17,NULL),
(247,'Batam',18,NULL),
(248,'Tanjung Pinang',18,NULL),
(249,'Kab Bintan',18,NULL),
(250,'Kab Karimun',18,NULL),
(251,'Kab Kepulauan Anambas',18,NULL),
(252,'Kab Lingga',18,NULL),
(253,'Kab Natuna',18,NULL),
(254,'Bandar Lampung',19,NULL),
(255,'Metro',19,NULL),
(256,'Kab Lampung Barat',19,NULL),
(257,'Kab Lampung Selatan',19,NULL),
(258,'Kab Lampung Tengah',19,NULL),
(259,'Kab Lampung Timur',19,NULL),
(260,'Kab Lampung Utara',19,NULL),
(261,'Kab Mesuji',19,NULL),
(262,'Kab Pesawaran',19,NULL),
(263,'Kab Pesisir Barat',19,NULL),
(264,'Kab Pringsewu',19,NULL),
(265,'Kab Tanggamus',19,NULL),
(266,'Kab Tulang Bawang',19,NULL),
(267,'Kab Tulang Bawang Barat',19,NULL),
(268,'Kab Way Kanan',19,NULL),
(269,'Ambon',20,NULL),
(270,'Tual',20,NULL),
(271,'Kab Buru',20,NULL),
(272,'Kab Buru Selatan',20,NULL),
(273,'Kab Kepulauan Aru',20,NULL),
(274,'Kab Kepulauan Tanimbar',20,NULL),
(275,'Kab Maluku Barat Daya',20,NULL),
(276,'Kab Maluku Tengah',20,NULL),
(277,'Kab Maluku Tenggara',20,NULL),
(278,'Kab Seram Bagian Barat',20,NULL),
(279,'Kab Seram Bagian Timur',20,NULL),
(280,'Tidore Kepulauan',21,NULL),
(281,'Ternate',21,NULL),
(282,'Kab Pulau Taliabu',21,NULL),
(283,'Kab Pulau Morotai',21,NULL),
(284,'Kab Kepulauan Sula',21,NULL),
(285,'Kab Halmahera Utara',21,NULL),
(286,'Kab Halmahera Timur',21,NULL),
(287,'Kab Halmahera Tengah',21,NULL),
(288,'Kab Halmahera Selatan',21,NULL),
(289,'Kab Halmahera Barat',21,NULL),
(290,'Bima',22,NULL),
(291,'Mataram',22,NULL),
(292,'Kab Bima',22,NULL),
(293,'Kab Dompu',22,NULL),
(294,'Kab Lombok Barat',22,NULL),
(295,'Kab Lombok Tengah',22,NULL),
(296,'Kab Lombok Timur',22,NULL),
(297,'Kab Lombok Utara',22,NULL),
(298,'Kab Sumbawa',22,NULL),
(299,'Kab Sumbawa Barat',22,NULL),
(300,'Kupang',23,NULL),
(301,'Kab Timor Tengah Utara',23,NULL),
(302,'Kab Timor Tengah Selatan',23,NULL),
(303,'Kab Sumba Timur',23,NULL),
(304,'Kab Sumba Tengah',23,NULL),
(305,'Kab Sumba Barat Daya',23,NULL),
(306,'Kab Sumba Barat',23,NULL),
(307,'Kab Sikka',23,NULL),
(308,'Kab Sabu Raijua',23,NULL),
(309,'Kab Rote Ndao',23,NULL),
(310,'Kab Ngada',23,NULL),
(311,'Kab Nagekeo',23,NULL),
(312,'Kab Manggarai Timur',23,NULL),
(313,'Kab Manggarai Barat',23,NULL),
(314,'Kab Manggarai',23,NULL),
(315,'Kab Malaka',23,NULL),
(316,'Kab Lembata',23,NULL),
(317,'Kab Kupang',23,NULL),
(318,'Kab Flores Timur',23,NULL),
(319,'Kab Ende',23,NULL),
(320,'Kab Belu',23,NULL),
(321,'Kab Alor',23,NULL),
(322,'Jayapura',24,NULL),
(323,'Kab Asmat',24,NULL),
(324,'Kab Biak Numfor',24,NULL),
(325,'Kab Boven Digoel',24,NULL),
(326,'Kab Deiyai',24,NULL),
(327,'Kab Dogiyai',24,NULL),
(328,'Kab Intan Jaya',24,NULL),
(329,'Kab Jayapura',24,NULL),
(330,'Kab Jayawijaya',24,NULL),
(331,'Kab Keerom',24,NULL),
(332,'Kab Kepulauan Yapen',24,NULL),
(333,'Kab Lanny Jaya',24,NULL),
(334,'Kab Mamberamo Raya',24,NULL),
(335,'Kab Mamberamo Tengah',24,NULL),
(336,'Kab Mappi',24,NULL),
(337,'Kab Merauke',24,NULL),
(338,'Kab Mimika',24,NULL),
(339,'Kab Nabire',24,NULL),
(340,'Kab Nduga',24,NULL),
(341,'Kab Paniai',24,NULL),
(342,'Kab Pegunungan Bintang',24,NULL),
(343,'Kab Puncak',24,NULL),
(344,'Kab Puncak Jaya',24,NULL),
(345,'Kab Sarmi',24,NULL),
(346,'Kab Supiori',24,NULL),
(347,'Kab Tolikara',24,NULL),
(348,'Kab Waropen',24,NULL),
(349,'Kab Yahukimo',24,NULL),
(350,'Kab Yalimo',24,NULL),
(351,'Sorong',25,NULL),
(352,'Kab Fakfak',25,NULL),
(353,'Kab Kaimana',25,NULL),
(354,'Kab Manokwari',25,NULL),
(355,'Kab Manokwari Selatan',25,NULL),
(356,'Kab Maybrat',25,NULL),
(357,'Kab Pegunungan Arfak',25,NULL),
(358,'Kab Raja Ampat',25,NULL),
(359,'Kab Sorong',25,NULL),
(360,'Kab Sorong Selatan',25,NULL),
(361,'Kab Tambrauw',25,NULL),
(362,'Kab Teluk Bintuni',25,NULL),
(363,'Kab Teluk Wondama',25,NULL),
(364,'Dumai',26,NULL),
(365,'Pekanbaru',26,NULL),
(366,'Kab Bengkalis',26,NULL),
(367,'Kab Indragiri Hilir',26,NULL),
(368,'Kab Indragiri Hulu',26,NULL),
(369,'Kab Kampar',26,NULL),
(370,'Kab Kepulauan Meranti',26,NULL),
(371,'Kab Kuantan Singingi',26,NULL),
(372,'Kab Pelalawan',26,NULL),
(373,'Kab Rokan Hilir',26,NULL),
(374,'Kab Rokan Hulu',26,NULL),
(375,'Kab Siak',26,NULL),
(376,'Kab Majene',27,NULL),
(377,'Kab Mamasa',27,NULL),
(378,'Kab Mamuju',27,NULL),
(379,'Kab Mamuju Tengah',27,NULL),
(380,'Kab Pasangkayu',27,NULL),
(381,'Kab Polewali Mandar',27,NULL),
(382,'Parepare',28,NULL),
(383,'Palopo',28,NULL),
(384,'Makassar',28,NULL),
(385,'Kab Wajo',28,NULL),
(386,'Kab Toraja Utara',28,NULL),
(387,'Kab Tana Toraja',28,NULL),
(388,'Kab Takalar',28,NULL),
(389,'Kab Soppeng',28,NULL),
(390,'Kab Sinjai',28,NULL),
(391,'Kab Sidenreng Rappang',28,NULL),
(392,'Kab Pinrang',28,NULL),
(393,'Kab Pangkajene dan Kepulauan',28,NULL),
(394,'Kab Maros',28,NULL),
(395,'Kab Luwu Utara',28,NULL),
(396,'Kab Luwu Timur',28,NULL),
(397,'Kab Luwu',28,NULL),
(398,'Kab Kepulauan Selayar',28,NULL),
(399,'Kab Jeneponto',28,NULL),
(400,'Kab Gowa',28,NULL),
(401,'Kab Enrekang',28,NULL),
(402,'Kab Bulukumba',28,NULL),
(403,'Kab Bone',28,NULL),
(404,'Kab Barru',28,NULL),
(405,'Kab Bantaeng',28,NULL),
(406,'Palu',29,NULL),
(407,'Kab Banggai',29,NULL),
(408,'Kab Banggai Kepulauan',29,NULL),
(409,'Kab Banggai Laut',29,NULL),
(410,'Kab Buol',29,NULL),
(411,'Kab Donggala',29,NULL),
(412,'Kab Morowali',29,NULL),
(413,'Kab Morowali Utara',29,NULL),
(414,'Kab Parigi Moutong',29,NULL),
(415,'Kab Poso',29,NULL),
(416,'Kab Sigi',29,NULL),
(417,'Kab Tojo Una-Una',29,NULL),
(418,'Kab Tolitoli',29,NULL),
(419,'Bau-Bau',30,NULL),
(420,'Kendari',30,NULL),
(421,'Kab Bombana',30,NULL),
(422,'Kab Buton',30,NULL),
(423,'Kab Buton Selatan',30,NULL),
(424,'Kab Buton Tengah',30,NULL),
(425,'Kab Buton Utara',30,NULL),
(426,'Kab Kolaka',30,NULL),
(427,'Kab Kolaka Timur',30,NULL),
(428,'Kab Kolaka Utara',30,NULL),
(429,'Kab Konawe',30,NULL),
(430,'Kab Konawe Kepulauan',30,NULL),
(431,'Kab Konawe Selatan',30,NULL),
(432,'Kab Konawe Utara',30,NULL),
(433,'Kab Muna',30,NULL),
(434,'Kab Muna Barat',30,NULL),
(435,'Kab Wakatobi',30,NULL),
(436,'Bitung',31,NULL),
(437,'Kotamobagu',31,NULL),
(438,'Manado',31,NULL),
(439,'Tomohon',31,NULL),
(440,'Kab Bolaang Mongondow',31,NULL),
(441,'Kab Bolaang Mongondow Selatan',31,NULL),
(442,'Kab Bolaang Mongondow Timur',31,NULL),
(443,'Kab Bolaang Mongondow Utara',31,NULL),
(444,'Kab Kepulauan Sangihe',31,NULL),
(445,'Kab Kepulauan Siau Tagulandang Biaro',31,NULL),
(446,'Kab Kepulauan Talaud',31,NULL),
(447,'Kab Minahasa',31,NULL),
(448,'Kab Minahasa Selatan',31,NULL),
(449,'Kab Minahasa Tenggara',31,NULL),
(450,'Kab Minahasa Utara',31,NULL),
(451,'Bukittinggi',32,NULL),
(452,'Padang',32,NULL),
(453,'Padangpanjang',32,NULL),
(454,'Pariaman',32,NULL),
(455,'Payakumbuh',32,NULL),
(456,'Sawahlunto',32,NULL),
(457,'Solok',32,NULL),
(458,'Kab Agam',32,NULL),
(459,'Kab Dharmasraya',32,NULL),
(460,'Kab Kepulauan Mentawai',32,NULL),
(461,'Kab Lima Puluh Kota',32,NULL),
(462,'Kab Padang Pariaman',32,NULL),
(463,'Kab Pasaman',32,NULL),
(464,'Kab Pasaman Barat',32,NULL),
(465,'Kab Pesisir Selatan',32,NULL),
(466,'Kab Sijunjung',32,NULL),
(467,'Kab Solok',32,NULL),
(468,'Kab Solok Selatan',32,NULL),
(469,'Kab Tanah Datar',32,NULL),
(470,'Lubuklinggau',33,NULL),
(471,'Pagar Alam',33,NULL),
(472,'Palembang',33,NULL),
(473,'Prabumulih',33,NULL),
(474,'Kab Banyuasin',33,NULL),
(475,'Kab Empat Lawang',33,NULL),
(476,'Kab Lahat',33,NULL),
(477,'Kab Muara Enim',33,NULL),
(478,'Kab Musi Banyuasin',33,NULL),
(479,'Kab Musi Rawas',33,NULL),
(480,'Kab Musi Rawas Utara',33,NULL),
(481,'Kab Ogan Ilir',33,NULL),
(482,'Kab Ogan Komering Ilir',33,NULL),
(483,'Kab Ogan Komering Ulu',33,NULL),
(484,'Kab Ogan Komering Ulu Selatan',33,NULL),
(485,'Kab Ogan Komering Ulu Timur',33,NULL),
(486,'Kab Penukal Abab Lematang Ilir',33,NULL),
(487,'Binjai',34,NULL),
(488,'Gunungsitoli',34,NULL),
(489,'Medan',34,NULL),
(490,'Padangsidempuan',34,NULL),
(491,'Pematangsiantar',34,NULL),
(492,'Sibolga',34,NULL),
(493,'Tanjungbalai',34,NULL),
(494,'Tebing Tinggi',34,NULL),
(495,'Kab Asahan',34,NULL),
(496,'Kab Batu Bara',34,NULL),
(497,'Kab Dairi',34,NULL),
(498,'Kab Deli Serdang',34,NULL),
(499,'Kab Humbang Hasundutan',34,NULL),
(500,'Kab Karo',34,NULL),
(501,'Kab Labuhanbatu',34,NULL),
(502,'Kab Labuhanbatu Selatan',34,NULL),
(503,'Kab Labuhanbatu Utara',34,NULL),
(504,'Kab Langkat',34,NULL),
(505,'Kab Mandailing Natal',34,NULL),
(506,'Kab Nias',34,NULL),
(507,'Kab Nias Barat',34,NULL),
(508,'Kab Nias Selatan',34,NULL),
(509,'Kab Nias Utara',34,NULL),
(510,'Kab Padang Lawas',34,NULL),
(511,'Kab Padang Lawas Utara',34,NULL),
(512,'Kab Pakpak Bharat',34,NULL),
(513,'Kab Samosir',34,NULL),
(514,'Kab Serdang Bedagai',34,NULL),
(515,'Kab Simalungun',34,NULL),
(516,'Kab Tapanuli Selatan',34,NULL),
(517,'Kab Tapanuli Tengah',34,NULL),
(518,'Kab Tapanuli Utara',34,NULL),
(519,'Kab Toba Samosir',34,NULL);

/*Table structure for table `migration` */

DROP TABLE IF EXISTS `migration`;

CREATE TABLE `migration` (
  `version` varchar(180) NOT NULL,
  `apply_time` int(11) DEFAULT NULL,
  PRIMARY KEY (`version`)
) ENGINE=MyISAM DEFAULT CHARSET=latin1;

/*Data for the table `migration` */

insert  into `migration`(`version`,`apply_time`) values 
('m000000_000000_base',1598108915),
('m200825_021150_user',1598338813),
('m200825_143535_user',1598366160);

/*Table structure for table `project` */

DROP TABLE IF EXISTS `project`;

CREATE TABLE `project` (
  `project_id` int(11) NOT NULL AUTO_INCREMENT,
  `project_nama` varchar(100) NOT NULL,
  `alias` varchar(50) DEFAULT NULL,
  `project_kategori` enum('Humanitarian','Development') DEFAULT NULL,
  `project_lokasi` int(11) DEFAULT NULL,
  `Status` enum('Aktif','NonAktif') DEFAULT NULL,
  PRIMARY KEY (`project_id`)
) ENGINE=InnoDB AUTO_INCREMENT=27 DEFAULT CHARSET=latin1;

/*Data for the table `project` */

insert  into `project`(`project_id`,`project_nama`,`alias`,`project_kategori`,`project_lokasi`,`Status`) values 
(1,'Increased Resilience through Climate Smart / Disaster Proof Nutrition Sensitive Value Chains in Cent','ADH-Livelihood','Humanitarian',4,'Aktif'),
(2,'Bersama Menuju Keadilan (BUKA) / Towards Fairness Together','BUKA Towards Fairness Indonesia','Development',2,'Aktif'),
(3,'Promoting a Sustainable and Food Secure World (PROSPER) II Indonesia','Cargill PROSPER IV farmers','Development',NULL,'Aktif'),
(4,'DEC Indonesia Tsunami Appeal Phase II','DEC Phase 2','Humanitarian',NULL,'Aktif'),
(5,'SHO Sulawesi','Emergency Earthquake and Tsunami - Response IDN','Humanitarian',NULL,'Aktif'),
(6,'2018 Sulawesi Earthquake & Tsunami','Emergency Pooled Fund','Humanitarian',NULL,'Aktif'),
(7,'The HOPE Indonesia Project','Hope Indonesia','Development',NULL,'Aktif'),
(8,'Implementation of the strengthening CARE\'s (RRACE) - Indonesia','MACP-RRACE','Humanitarian',NULL,'Aktif'),
(9,'Post-Earthquake and tsunami recovery of the affected population of central sulawesi','MOFA-Lux Post Earthquake & Tsunami Recovery','Humanitarian',NULL,'Aktif'),
(10,'Personal Advancement and Career Enhancement (PACE) Young Girls Program','P.A.C.E. in the Community','Development',NULL,'Aktif'),
(11,'Partners for Resilience Strategic Partnership - Regional Indonesia','PFR - Regional','Development',NULL,'Aktif'),
(12,'Partners for Resilence Strategic Partnership - Indonesia','PFR Partners for Resilience','Development',NULL,'Aktif'),
(13,'Worker Well Being Initiative ( WDHL in Indonesia)','Promoting Worker Well Being','Development',NULL,'Aktif'),
(14,'COVID-19 Cargill US','COVID-19 Cargill US','Humanitarian',NULL,'Aktif'),
(15,'COVID-19 - Tolaram','COVID-19 - Tolaram','Humanitarian',NULL,'Aktif'),
(16,'COVID-19 - ADH','COVID-19 - ADH','Humanitarian',NULL,'Aktif'),
(17,'Value Chain Baseline Survey - McCormick','Mc-Cormick','Development',NULL,'Aktif'),
(18,'Women and Girls at the Center Covid-19 Prevention Project','UN-Woman','Development',NULL,'Aktif'),
(19,'Expanding Girls Leadership and Participation Through Sustaining, Applying, and Scaling Up PACE Metho','PACE-GAP','Development',NULL,'Aktif'),
(20,'Kimia Farma','Kimia Farma','Development',NULL,'Aktif'),
(21,'SMI','SMI','Development',NULL,'Aktif'),
(22,'Emergency Response in West Sulawesi','ERF-CI','Development',NULL,'Aktif'),
(23,'West Sulawesi - Earthquake Early Recovery Response','CIUK - Bloom','Development',NULL,'Aktif'),
(24,'West Sulawesi - Earthquake Response','CUSA - LDSC','Development',NULL,'Aktif'),
(25,'INVEST Project','CUSA -DAI','Development',NULL,'Aktif'),
(26,'STARTFUND-NTT','STARTFUND-NTT','Development',NULL,'Aktif');

/*Table structure for table `provinsi` */

DROP TABLE IF EXISTS `provinsi`;

CREATE TABLE `provinsi` (
  `prov_id` int(11) NOT NULL AUTO_INCREMENT,
  `nama_provinsi` varchar(200) CHARACTER SET latin1 DEFAULT NULL,
  `prov_ket` varchar(200) CHARACTER SET latin1 DEFAULT NULL,
  PRIMARY KEY (`prov_id`)
) ENGINE=InnoDB AUTO_INCREMENT=35 DEFAULT CHARSET=utf8;

/*Data for the table `provinsi` */

insert  into `provinsi`(`prov_id`,`nama_provinsi`,`prov_ket`) values 
(1,'Aceh (NAD)','NAD'),
(2,'Bali',''),
(3,'Bangka Belitung',''),
(4,'Banten',''),
(5,'Bengkulu',''),
(6,'DI Yogyakarta',''),
(7,'DKI Jakarta',''),
(8,'Gorontalo',''),
(9,'Jambi',''),
(10,'Jawa Barat',''),
(11,'Jawa Tengah',''),
(12,'Jawa Timur',''),
(13,'Kalimantan Barat',''),
(14,'Kalimantan Selatan',''),
(15,'Kalimantan Tengah',''),
(16,'Kalimantan Timur',''),
(17,'Kalimantan Utara',''),
(18,'Kepulauan Riau',''),
(19,'Lampung',''),
(20,'Maluku',''),
(21,'Maluku Utara',''),
(22,'Nusa Tenggara Barat (NTB)',''),
(23,'Nusa Tenggara Timur (NTT)',''),
(24,'Papua',''),
(25,'Papua Barat',''),
(26,'Riau',''),
(27,'Sulawesi Barat',''),
(28,'Sulawesi Selatan',''),
(29,'Sulawesi Tengah',''),
(30,'Sulawesi Tenggara',''),
(31,'Sulawesi Utara',''),
(32,'Sumatera Barat',''),
(33,'Sumatera Selatan',''),
(34,'Sumatera Utara','');

/*Table structure for table `saluran` */

DROP TABLE IF EXISTS `saluran`;

CREATE TABLE `saluran` (
  `saluran_id` int(11) NOT NULL AUTO_INCREMENT,
  `saluran_nama` varchar(200) CHARACTER SET latin1 DEFAULT NULL,
  `saluran_ket` varchar(200) CHARACTER SET latin1 DEFAULT NULL,
  PRIMARY KEY (`saluran_id`)
) ENGINE=InnoDB AUTO_INCREMENT=6 DEFAULT CHARSET=utf8;

/*Data for the table `saluran` */

insert  into `saluran`(`saluran_id`,`saluran_nama`,`saluran_ket`) values 
(1,'Face to face',''),
(2,'Focus group discussions',''),
(3,'Public community meetings',''),
(4,'Community committees',''),
(5,'Lembar saran','');

/*Table structure for table `user` */

DROP TABLE IF EXISTS `user`;

CREATE TABLE `user` (
  `user_id` int(11) NOT NULL AUTO_INCREMENT,
  `full_name` varchar(255) CHARACTER SET latin1 NOT NULL,
  `username` varchar(255) CHARACTER SET latin1 NOT NULL,
  `email` varchar(255) CHARACTER SET latin1 NOT NULL,
  `password_hash` varchar(255) CHARACTER SET latin1 NOT NULL,
  `password_reset_token` varchar(255) CHARACTER SET latin1 DEFAULT NULL,
  `status` enum('Aktif','Non-Aktif') DEFAULT NULL,
  `verification_token` varchar(255) CHARACTER SET latin1 DEFAULT NULL,
  `auth_key` varchar(32) CHARACTER SET latin1 DEFAULT NULL,
  `level` varchar(150) CHARACTER SET latin1 DEFAULT NULL,
  `jabatan` varchar(200) CHARACTER SET latin1 DEFAULT NULL,
  `lokasi` int(11) DEFAULT NULL,
  `project` varchar(255) DEFAULT NULL,
  `created_at` int(11) DEFAULT NULL,
  `updated_at` int(11) DEFAULT NULL,
  PRIMARY KEY (`user_id`),
  FULLTEXT KEY `fulltex` (`full_name`,`username`,`level`)
) ENGINE=InnoDB AUTO_INCREMENT=28 DEFAULT CHARSET=utf8;

/*Data for the table `user` */

insert  into `user`(`user_id`,`full_name`,`username`,`email`,`password_hash`,`password_reset_token`,`status`,`verification_token`,`auth_key`,`level`,`jabatan`,`lokasi`,`project`,`created_at`,`updated_at`) values 
(1,'Achmad Djayanto','cacu','achmad_djayanto@careind.or.id','$2y$13$b9RuZCJMOxMMu.7OfzR4gemelLMasWwCBJaH5j.mzZSzS.EWWNFFO',NULL,'Aktif',NULL,NULL,'Administrator','IT Officer',4,NULL,NULL,NULL),
(2,'test','test','achmad_djayanto@gmail.com','$2y$13$4FkF7GbcbikPb/H0q1D2d.0WEMxoQj64hwj4gn523E4TTc3Zp196m',NULL,'Aktif',NULL,NULL,'Admin','IT Officer',4,NULL,1633661153,1633661153),
(23,'Achmad Djayanto','cacu','achmad_djayanto@gmail.com','$2y$13$XZwMdRRSbZxtixif7yR4luxCUcTqL.fqqVcw6E4pXzsKlIi5vm.vi',NULL,'Aktif',NULL,NULL,'Enumerator','IT Officer',4,'1,4',1634023219,1634023219),
(24,'Achmad Djayanto','cacusfsfsfsdfdsfds','achmad_djayanto@gmail.comfdsfdsfds43543','$2y$13$eil9PF1W2Il5NZ7.M9IqDOCMZCtUUWusAxnz10pOZ2hCq6D58Vbey',NULL,'Aktif',NULL,NULL,'Responder','IT Officer',4,'4',1634024623,1634024623),
(25,'Achmad Djayanto','tjatju','achmad_djayanto@gmail.com1231321','$2y$13$5evMGHiYxZIam41q7zpafO20FNDh8SvHYL0ytVdofcc.8ZOGstWQS',NULL,'Aktif',NULL,NULL,'Enumerator','IT Officer',4,'1',1634024689,1634024689),
(26,'Achmad Djayanto','cacu34543fsd','achmad_djayanto@gmail.com343423','$2y$13$0v2FlIXCw0jf/MnqpA3Hs.ZB31Qzie5c9IScvWOlt4YO6WPjSjpxy',NULL,'Aktif',NULL,NULL,'Admin','IT Officer',4,'1,4',1634090849,1634090849),
(27,'Reina','reina','achmad_djayanto@gmail.comasdas2321321','$2y$13$NwabeW6Z53tJruw.j.mNlehW7fbTAxfzzkhHkYVpWY1uALDlEZv/2',NULL,'Aktif',NULL,NULL,'Administrator','IT Officer',4,'4',1634099178,1634099178);

/*!40101 SET SQL_MODE=@OLD_SQL_MODE */;
/*!40014 SET FOREIGN_KEY_CHECKS=@OLD_FOREIGN_KEY_CHECKS */;
/*!40014 SET UNIQUE_CHECKS=@OLD_UNIQUE_CHECKS */;
/*!40111 SET SQL_NOTES=@OLD_SQL_NOTES */;
